<?xml version="1.0" encoding="UTF-8"?>
<root>
  <item name="me.tatarka.bindingcollectionadapter.LayoutManagers me.tatarka.bindingcollectionadapter.LayoutManagers.LayoutManagerFactory grid(int, int, boolean) 1">
    <annotation name="android.support.annotation.IntDef">
      <val name="value" val="{android.support.v7.widget.LinearLayoutManager.HORIZONTAL, android.support.v7.widget.LinearLayoutManager.VERTICAL}" />
    </annotation>
  </item>
  <item name="me.tatarka.bindingcollectionadapter.LayoutManagers me.tatarka.bindingcollectionadapter.LayoutManagers.LayoutManagerFactory linear(int, boolean) 0">
    <annotation name="android.support.annotation.IntDef">
      <val name="value" val="{android.support.v7.widget.LinearLayoutManager.HORIZONTAL, android.support.v7.widget.LinearLayoutManager.VERTICAL}" />
    </annotation>
  </item>
  <item name="me.tatarka.bindingcollectionadapter.LayoutManagers me.tatarka.bindingcollectionadapter.LayoutManagers.LayoutManagerFactory staggeredGrid(int, int) 1">
    <annotation name="android.support.annotation.IntDef">
      <val name="value" val="{android.support.v7.widget.LinearLayoutManager.HORIZONTAL, android.support.v7.widget.LinearLayoutManager.VERTICAL}" />
    </annotation>
  </item>
</root>

