<?xml version="1.0" encoding="UTF-8"?>
<root>
  <item name="me.tatarka.bindingcollectionadapter.BindingCollectionAdapter android.databinding.ViewDataBinding onCreateBinding(android.view.LayoutInflater, int, android.view.ViewGroup) 1">
    <annotation name="android.support.annotation.LayoutRes" />
  </item>
  <item name="me.tatarka.bindingcollectionadapter.BindingCollectionAdapter void onBindBinding(android.databinding.ViewDataBinding, int, int, int, T) 2">
    <annotation name="android.support.annotation.LayoutRes" />
  </item>
  <item name="me.tatarka.bindingcollectionadapter.BindingListViewAdapter android.databinding.ViewDataBinding onCreateBinding(android.view.LayoutInflater, int, android.view.ViewGroup) 1">
    <annotation name="android.support.annotation.LayoutRes" />
  </item>
  <item name="me.tatarka.bindingcollectionadapter.BindingListViewAdapter void onBindBinding(android.databinding.ViewDataBinding, int, int, int, T) 2">
    <annotation name="android.support.annotation.LayoutRes" />
  </item>
  <item name="me.tatarka.bindingcollectionadapter.BindingViewPagerAdapter android.databinding.ViewDataBinding onCreateBinding(android.view.LayoutInflater, int, android.view.ViewGroup) 1">
    <annotation name="android.support.annotation.LayoutRes" />
  </item>
  <item name="me.tatarka.bindingcollectionadapter.BindingViewPagerAdapter void onBindBinding(android.databinding.ViewDataBinding, int, int, int, T) 2">
    <annotation name="android.support.annotation.LayoutRes" />
  </item>
  <item name="me.tatarka.bindingcollectionadapter.ItemView int layoutRes()">
    <annotation name="android.support.annotation.LayoutRes" />
  </item>
  <item name="me.tatarka.bindingcollectionadapter.ItemView layoutRes">
    <annotation name="android.support.annotation.LayoutRes" />
  </item>
  <item name="me.tatarka.bindingcollectionadapter.ItemView me.tatarka.bindingcollectionadapter.ItemView of(int, int) 1">
    <annotation name="android.support.annotation.LayoutRes" />
  </item>
  <item name="me.tatarka.bindingcollectionadapter.ItemView me.tatarka.bindingcollectionadapter.ItemView set(int, int) 1">
    <annotation name="android.support.annotation.LayoutRes" />
  </item>
  <item name="me.tatarka.bindingcollectionadapter.ItemView me.tatarka.bindingcollectionadapter.ItemView setLayoutRes(int) 0">
    <annotation name="android.support.annotation.LayoutRes" />
  </item>
  <item name="me.tatarka.bindingcollectionadapter.Utils void throwMissingVariable(android.databinding.ViewDataBinding, int, int) 2">
    <annotation name="android.support.annotation.LayoutRes" />
  </item>
</root>

